{
    "Digital Marketing": {
        "extractive": {
            "rouge1": {
                "precision": 0.19658119658119658,
                "recall": 0.21100917431192662,
                "fmeasure": 0.20353982300884954
            },
            "rouge2": {
                "precision": 0.02586206896551724,
                "recall": 0.027777777777777776,
                "fmeasure": 0.026785714285714288
            },
            "rougeL": {
                "precision": 0.09401709401709402,
                "recall": 0.10091743119266056,
                "fmeasure": 0.09734513274336283
            }
        },
        "generative": {
            "rouge1": {
                "precision": 0.3627450980392157,
                "recall": 0.3394495412844037,
                "fmeasure": 0.35071090047393366
            },
            "rouge2": {
                "precision": 0.09900990099009901,
                "recall": 0.09259259259259259,
                "fmeasure": 0.0956937799043062
            },
            "rougeL": {
                "precision": 0.22549019607843138,
                "recall": 0.21100917431192662,
                "fmeasure": 0.21800947867298578
            }
        }
    },
    "Consumer Behavior Shift": {
        "extractive": {
            "rouge1": {
                "precision": 0.15714285714285714,
                "recall": 0.21359223300970873,
                "fmeasure": 0.18106995884773658
            },
            "rouge2": {
                "precision": 0.0,
                "recall": 0.0,
                "fmeasure": 0.0
            },
            "rougeL": {
                "precision": 0.08571428571428572,
                "recall": 0.11650485436893204,
                "fmeasure": 0.09876543209876543
            }
        },
        "generative": {
            "rouge1": {
                "precision": 0.21301775147928995,
                "recall": 0.34951456310679613,
                "fmeasure": 0.2647058823529412
            },
            "rouge2": {
                "precision": 0.06547619047619048,
                "recall": 0.10784313725490197,
                "fmeasure": 0.08148148148148149
            },
            "rougeL": {
                "precision": 0.13609467455621302,
                "recall": 0.22330097087378642,
                "fmeasure": 0.1691176470588235
            }
        }
    },
    "SME Digitalization": {
        "extractive": {
            "rouge1": {
                "precision": 0.23357664233576642,
                "recall": 0.3106796116504854,
                "fmeasure": 0.2666666666666666
            },
            "rouge2": {
                "precision": 0.022058823529411766,
                "recall": 0.029411764705882353,
                "fmeasure": 0.02521008403361345
            },
            "rougeL": {
                "precision": 0.12408759124087591,
                "recall": 0.1650485436893204,
                "fmeasure": 0.14166666666666666
            }
        },
        "generative": {
            "rouge1": {
                "precision": 0.22181818181818183,
                "recall": 0.5922330097087378,
                "fmeasure": 0.32275132275132273
            },
            "rouge2": {
                "precision": 0.06934306569343066,
                "recall": 0.18627450980392157,
                "fmeasure": 0.10106382978723405
            },
            "rougeL": {
                "precision": 0.12727272727272726,
                "recall": 0.33980582524271846,
                "fmeasure": 0.18518518518518517
            }
        }
    }
}